{
    "dependencies": {
        "forge": "47.3.0",
        "minecraft": "1.20.1"
    },
    "files": [
        {
            "downloads": [
                "https://cdn.modrinth.com/data/6iTJugQR/versions/qE7sokDv/amendments-1.20-1.2.12.jar"
            ],
            "fileSize": 995893,
            "hashes": {
                "sha1": "b9b55a797ab10fd3d32ef479f50ccac3051226be",
                "sha512": "89fc59fdf4e333ead7d8cccc175b9fe302746945491ea976f730aac3083b34edf424fe9c0159f6fb78d6adda74592b1469a3e08e64fe7644054a5d4e2a9c24ed"
            },
            "path": "mods/amendments-1.20-1.2.12.jar"
        },
        {
            "downloads": [
                "https://cdn.modrinth.com/data/XxWD5pD3/versions/zywmowQO/appliedenergistics2-forge-15.2.16.jar"
            ],
            "fileSize": 9743813,
            "hashes": {
                "sha1": "ee793712cb15a990842c80c44db80e9284663c43",
                "sha512": "a26672aa1ef767c805946d12a1c8bcb2dadb97a4c14e47d86c5856c5d3019d78434bcd37db7770367ae702d112819920415aa717b4a367ca3fdbe7d90968813e"
            },
            "path": "mods/appliedenergistics2-forge-15.2.16.jar"
        },
        {
            "downloads": [
                "https://cdn.modrinth.com/data/bV2crgLh/versions/XCgKj8gL/constructionwand-1.20.1-2.11.jar"
            ],
            "fileSize": 210312,
            "hashes": {
                "sha1": "80bd5223cd8984dc1038cb9f2d1cb6b97f31998a",
                "sha512": "a029f801dbcfacd230650fd018f7424535454fb2062d796cbe9cd622a9fe4ae80cb0d7883faa2775c27ed73a21dffbadb44ddc32ce1293ec098654393e7b1c95"
            },
            "path": "mods/constructionwand-1.20.1-2.11.jar"
        },
        {
            "downloads": [
                "https://cdn.modrinth.com/data/WrpuIfhw/versions/TlmJAOz2/corpse-forge-1.20.1-1.0.19.jar"
            ],
            "fileSize": 244998,
            "hashes": {
                "sha1": "72344b98b481e55795b5b1937f11c9641c53f619",
                "sha512": "0a709113a43830e0974e85bada6fc9c3345379e1e4386c5f18fe1568d48d66affa172390c6c3d0acfb3e10a60a8062b503c0da3ea5e850ead103e50a05584ed2"
            },
            "path": "mods/corpse-forge-1.20.1-1.0.19.jar"
        },
        {
            "downloads": [
                "https://cdn.modrinth.com/data/LNytGWDc/versions/6R069CcK/create-1.20.1-0.5.1.j.jar"
            ],
            "fileSize": 15583566,
            "hashes": {
                "sha1": "fab2ae7fcf685b3875ca20022bfecf0d4fdafbf7",
                "sha512": "893b531f7d93e30561024087b8718934fc2bb93c4f3f40edff5346f18e0330c8d3524f1ebef50d90e91a20f7a679ef6da44dd9b6e68292afe28b1b88fa7f07fb"
            },
            "path": "mods/create-1.20.1-0.5.1.j.jar"
        },
        {
            "downloads": [
                "https://cdn.modrinth.com/data/gxoNIjg6/versions/wAEMENRX/create-track-map-1.4%2Bmc1.20.1-neoforge.jar"
            ],
            "fileSize": 4392723,
            "hashes": {
                "sha1": "bb5a15f1c2d8cc68f5f80e2d04ad3e796de07a6f",
                "sha512": "e78941a0b094263fa795eb3b34ba793ee64f731568c6cd7742d078ce6a9dfad63ad8ce2af3f7f0f21a51b96aefeb103e4518190dab3fe27661fba5ec6b040b9f"
            },
            "path": "mods/create-track-map-1.4+mc1.20.1-neoforge.jar"
        },
        {
            "downloads": [
                "https://cdn.modrinth.com/data/Dq3STxps/versions/62Gvkkdt/createrailwaysnavigator-forge-1.20.1-beta-0.7.1.jar"
            ],
            "fileSize": 2955333,
            "hashes": {
                "sha1": "bf1de0c16a8b772d8075a7a64cb55c764699a519",
                "sha512": "1d7efc27f3ea28306ef0cdaf57b409258f78051dae9db8b22c31bd9ace354423b4146b5b86995c7e3a58c1d0c1a1b203bbaa791f29d4eccfd19d54b0bcbe78db"
            },
            "path": "mods/createrailwaysnavigator-forge-1.20.1-beta-0.7.1.jar"
        },
        {
            "downloads": [
                "https://cdn.modrinth.com/data/Yd4wb5wZ/versions/acDDSIG3/crittersandcompanions-forge-2.2.2.jar"
            ],
            "fileSize": 1314349,
            "hashes": {
                "sha1": "c456f7b907106bc8c86b05d52eaebd24c0fc4160",
                "sha512": "210b7e2850af46dcdeb341d95bee89a30a311ab2a573d0d6269bc4fbb611e3ab122b86052cd079949d4652ba9b3e3fbe009aaa0e01367683cffc83ff35585bff"
            },
            "path": "mods/crittersandcompanions-forge-2.2.2.jar"
        },
        {
            "downloads": [
                "https://cdn.modrinth.com/data/RZwVw5iA/versions/rOSCLvXP/drinkbeer-refill-1.20.1-1.0.5.jar"
            ],
            "fileSize": 1520963,
            "hashes": {
                "sha1": "ab77c672b884def3a3957f36a764919b2417458e",
                "sha512": "f78966887ff311e359cd32dd8113e4c95592dd731cd9e21db4feb9e3fbe36e6e3b1288c19665dade0a3edd139ac97400a3e1b9cbbff99f80a629b20da6b2efd4"
            },
            "path": "mods/drinkbeer-refill-1.20.1-1.0.5.jar"
        },
        {
            "downloads": [
                "https://cdn.modrinth.com/data/NNAgCjsB/versions/yyU9Ifp0/entityculling-forge-1.7.2-mc1.20.1.jar"
            ],
            "fileSize": 73584,
            "hashes": {
                "sha1": "fafd5e44573df4b7842243fcfcb05dfbd85ad5e5",
                "sha512": "547ecae13eb982c2c43c2f107fccede69b2edd33a3005296fd880122760f569c98e42a3abb7d69526ebe79efb6846bad38ee8a1bb7e8afa62e18e5e052029647"
            },
            "path": "mods/entityculling-forge-1.7.2-mc1.20.1.jar"
        },
        {
            "downloads": [
                "https://cdn.modrinth.com/data/8BmcQJ2H/versions/RBA7lJaW/geckolib-forge-1.20.1-4.4.9.jar"
            ],
            "fileSize": 991552,
            "hashes": {
                "sha1": "0c60e839e65a18782b4f5f411794de8be261ee0b",
                "sha512": "513d95e2c8fac5484b6c12083e763ff00c8f6c4845d580cbe197484ca6ce2cbf7b92793ef6b587091d250bf335bc9c8ebfe8008059fa6c225601316cf5b767d4"
            },
            "path": "mods/geckolib-forge-1.20.1-4.4.9.jar"
        },
        {
            "downloads": [
                "https://cdn.modrinth.com/data/kVa5y52B/versions/tnJjZ2uG/glassential-forge-1.20.1-2.0.0.jar"
            ],
            "fileSize": 151228,
            "hashes": {
                "sha1": "c15f3308eca074f8aa79ecf9f945994e490759e0",
                "sha512": "dd64f3a1cea37f1a856e2ca2180b346406a8fe11f28d215de5bc2b6c095290606ecb78fb99850efc57ec2a26ed008d8fd43106b52fe8fdbd8b7a3c9cd7740d48"
            },
            "path": "mods/glassential-forge-1.20.1-2.0.0.jar"
        },
        {
            "downloads": [
                "https://cdn.modrinth.com/data/jSV9w0J5/versions/DMn6ktl4/IllagerInvasion-v8.0.6-1.20.1-Forge.jar"
            ],
            "fileSize": 2340999,
            "hashes": {
                "sha1": "0e00440fb2eee67d243ee3f4a5471aecee5f3f62",
                "sha512": "71e5446d6e017e43a978b9b01af4dcabaf5231ab51d5d6db31fb6b2020fa04fd0f2eabc134cc3b91d65e2aa57ed96eb2bf4d76a772bd19a5bef9b4c5011c8ed4"
            },
            "path": "mods/IllagerInvasion-v8.0.6-1.20.1-Forge.jar"
        },
        {
            "downloads": [
                "https://cdn.modrinth.com/data/P3iIrPH3/versions/YjbOtYwN/ironchest-1.20.1-14.4.4.jar"
            ],
            "fileSize": 311290,
            "hashes": {
                "sha1": "4b2dd0f581e40f8bd6f6e63b2d84c06dfde2c4eb",
                "sha512": "5d41daa11bbc5c98c98faf6641993a47bce92c56204cec745686396e4f912b67abbc29f9fefcc5fd89422c37c3b34c191bfcc6479b28d7a07886cd279c0d6d99"
            },
            "path": "mods/ironchest-1.20.1-14.4.4.jar"
        },
        {
            "downloads": [
                "https://cdn.modrinth.com/data/nvQzSEkH/versions/bzWVE2db/Jade-1.20.1-Forge-11.12.2.jar"
            ],
            "fileSize": 547818,
            "hashes": {
                "sha1": "364c39334b7f7c842eecc839de2730a2899e580b",
                "sha512": "7eca39a04d4e91af3cd1e05ec288b9cbdf284799da444abeae3ee178eeee413e10bde2bc4cddc8a08259cb1cd2337c26ff92770b20cdab70e1554922ac96a968"
            },
            "path": "mods/Jade-1.20.1-Forge-11.12.2.jar"
        },
        {
            "downloads": [
                "https://cdn.modrinth.com/data/u6dRKJwZ/versions/iNv5B1Zj/jei-1.20.1-forge-15.20.0.105.jar"
            ],
            "fileSize": 1379051,
            "hashes": {
                "sha1": "80520a596f3d2e7dc744591dae257dc87aaa204e",
                "sha512": "bdf079afca6f3ed1bf9a1226fa8fc4c4e71ff679c1dc3289a558084c2cfbc2b5cd122636c73a2fd0e25cd468d32efce29175774aaa6389a249ce2c1062075dff"
            },
            "path": "mods/jei-1.20.1-forge-15.20.0.105.jar"
        },
        {
            "downloads": [
                "https://cdn.modrinth.com/data/ordsPcFz/versions/hmeyC41q/kotlinforforge-4.11.0-all.jar"
            ],
            "fileSize": 7193768,
            "hashes": {
                "sha1": "1fd8acfd75a2be2dc3cdcc7e816482b2e427d6e5",
                "sha512": "d72707078f0c4fde78981c638ca976722f22a64ce74bdb489258790fe9886d763a7b1e0dfbc5429ddd3105d8a65d177f06242dfb1457e219e56c70dd3e8cbf2c"
            },
            "path": "mods/kotlinforforge-4.11.0-all.jar"
        },
        {
            "downloads": [
                "https://cdn.modrinth.com/data/8Lw09aLb/versions/mjleQ2qg/lukis-grand-capitals-1.1.1.jar"
            ],
            "fileSize": 11217408,
            "hashes": {
                "sha1": "1caa8835ed602d038b94c9c3ab0f765a7711e202",
                "sha512": "022691a5d2e0cdea13ab6f5c44a7b66f2aa7e2ff88a19f2b0e06377b1090f84f90285f5eb182ae88ca93ae2f69c64e318a303ad1fe595c16ec3ebcaa2346951e"
            },
            "path": "mods/lukis-grand-capitals-1.1.1.jar"
        },
        {
            "downloads": [
                "https://cdn.modrinth.com/data/kNxa8z3e/versions/Osvj0z4A/mcw-doors-1.1.1forge-mc1.20.1.jar"
            ],
            "fileSize": 1202279,
            "hashes": {
                "sha1": "8dc4503f24565cdb36eddd579cbfc548f126b693",
                "sha512": "40365a9a45a17c339787ba5172712fc3995466f4fe9e7dc35fa1632d902a87de129135289172d7e57fbfdc3692e8de8bc0f9e284ad4207b3b20d3fea05089139"
            },
            "path": "mods/mcw-doors-1.1.1forge-mc1.20.1.jar"
        },
        {
            "downloads": [
                "https://cdn.modrinth.com/data/twkfQtEc/versions/olQRBNfI/moonlight-1.20-2.13.41-forge.jar"
            ],
            "fileSize": 1209341,
            "hashes": {
                "sha1": "e805ca0a8adcf83ca5c308d7aab65ff0e09e743b",
                "sha512": "ac27512f92e3adcd1a31dec56d9c72cdbab96ade4a9fc0363564ae0dc1a7408b72d1ad5b55e33f9f831aead6967415f6acfb9a557d05fe239ecbe29db3e1e764"
            },
            "path": "mods/moonlight-1.20-2.13.41-forge.jar"
        },
        {
            "downloads": [
                "https://cdn.modrinth.com/data/QAGBst4M/versions/2qznQtPr/PuzzlesLib-v8.1.25-1.20.1-Forge.jar"
            ],
            "fileSize": 1002463,
            "hashes": {
                "sha1": "89f824435c168d5156cd6aa9e90281bb72dc335c",
                "sha512": "42660cdb51c088a29cbdfb2006d1662b30a2792b626d7f9b0018515e0bfbaa0b333b745d6998fcd1dd462ce71e47e5a3eb88779dc2b9987382ca212246469b41"
            },
            "path": "mods/PuzzlesLib-v8.1.25-1.20.1-Forge.jar"
        },
        {
            "downloads": [
                "https://cdn.modrinth.com/data/qnQsVE2z/versions/vIWYw2yn/Quark-4.0-460.jar"
            ],
            "fileSize": 14818038,
            "hashes": {
                "sha1": "3aef3c60a7f77e17c630df05cbb9da72d274b683",
                "sha512": "aebe10ece0231560aa38e269c3f46e0fe9a7e77e196054abde7fd1604b4f8b6857d03a7bd68e8983e8109431646a9df9090c32c4af2bffcfa5e4dd7efea97706"
            },
            "path": "mods/Quark-4.0-460.jar"
        },
        {
            "downloads": [
                "https://cdn.modrinth.com/data/UiFDlI7w/versions/JZ9WGqCs/snowyspirit-1.20-3.0.10.jar"
            ],
            "fileSize": 5362591,
            "hashes": {
                "sha1": "3970c8937887295c3d6811770fa214adf8cf500a",
                "sha512": "9a9f78aa237f936f7de5c9e3ff456b19948143735d2a255b166fde4e2e8705af05792dfa979c95fcbf342efe6d500695d9692325f597ad17b8d80337da2fc1c0"
            },
            "path": "mods/snowyspirit-1.20-3.0.10.jar"
        },
        {
            "downloads": [
                "https://cdn.modrinth.com/data/TyCTlI4b/versions/zkb0vOdU/sophisticatedbackpacks-1.20.1-3.20.17.1150.jar"
            ],
            "fileSize": 860631,
            "hashes": {
                "sha1": "5ada6c6d8d53fa720c7f64f4c942c492f310fd70",
                "sha512": "07c3ee65e92caf75ad80e74067f8f0d09c47717f1f27e43e13b6744d41dbc56abcb12434f20d99426052aeb3d15e4d0c5660462933360cad1e293685165d7fe8"
            },
            "path": "mods/sophisticatedbackpacks-1.20.1-3.20.17.1150.jar"
        },
        {
            "downloads": [
                "https://cdn.modrinth.com/data/nmoqTijg/versions/8L0wSqzt/sophisticatedcore-1.20.1-1.0.1.809.jar"
            ],
            "fileSize": 1120842,
            "hashes": {
                "sha1": "fa311504f8b6a2c1660966b70c4098e1b9612626",
                "sha512": "44d4077f29f5637d5f363b0f704a48531cbd77244f2956da42c74b7597f44aeb5831e2d9e8c45b4306ff81edac47b0360dcc41f1cee9fb2e69b3f19433ef1dd4"
            },
            "path": "mods/sophisticatedcore-1.20.1-1.0.1.809.jar"
        },
        {
            "downloads": [
                "https://cdn.modrinth.com/data/ZzjhlDgM/versions/pklcGSDf/Steam_Rails-1.6.7%2Bforge-mc1.20.1.jar"
            ],
            "fileSize": 9997801,
            "hashes": {
                "sha1": "7449e9cbaae6a23a31127a3cf0886899c28639dc",
                "sha512": "1cd28a5c4c0544f6164ff9f95fc408b5149f968c7531d98dde02df75e5e59ef616b861c8a2232eaa2216cc4c34ca50957e7d134466ad2b6f8e1ed3f8cf426808"
            },
            "path": "mods/Steam_Rails-1.6.7+forge-mc1.20.1.jar"
        },
        {
            "downloads": [
                "https://cdn.modrinth.com/data/guitPqEi/versions/LpbGS7UC/StorageDrawers-1.20.1-12.9.13.jar"
            ],
            "fileSize": 948185,
            "hashes": {
                "sha1": "c68a49a62dc1871d85698902a25ac04e8ed3b770",
                "sha512": "c1b9268df95e95bf339d3d10c14016e6be841594f6e0d54d4c0e4ca948e1f5370f3cbf94efaf430b96202957c65d1c3f14848fae310c78f523d52006c7304f2a"
            },
            "path": "mods/StorageDrawers-1.20.1-12.9.13.jar"
        },
        {
            "downloads": [
                "https://cdn.modrinth.com/data/fFEIiSDQ/versions/HcdcLvdS/supplementaries-1.20-3.1.10.jar"
            ],
            "fileSize": 18052480,
            "hashes": {
                "sha1": "d354a147a264cd8c62eb9ee028e7d31231cc93c5",
                "sha512": "ae597c5d9f8203b612ef97433dfe207929984523f5c041d86f9e6a199d66c9044a71c8809646c64e4b5faa37bf34fbcb7f07b335f52443244475f3f549ca25ef"
            },
            "path": "mods/supplementaries-1.20-3.1.10.jar"
        },
        {
            "downloads": [
                "https://cdn.modrinth.com/data/9eGKb6K1/versions/tMbKtqzI/voicechat-forge-1.20.1-2.5.26.jar"
            ],
            "fileSize": 7729086,
            "hashes": {
                "sha1": "22cd1ce238ac6b4992674f63bb0e5a4f072ae7f3",
                "sha512": "f3085f64c17392fb812d9f22674cdcc2abb269df7e9e84830aacdec1c77501a8b4f5e6451fbdc12a6fb93fb4751c61ead01df663c8b710881f0f7427ab96d9a3"
            },
            "path": "mods/voicechat-forge-1.20.1-2.5.26.jar"
        },
        {
            "downloads": [
                "https://cdn.modrinth.com/data/1bokaNcj/versions/sr50tbXn/Xaeros_Minimap_24.7.1_Forge_1.20.jar"
            ],
            "fileSize": 1621195,
            "hashes": {
                "sha1": "b1108546e4adad0d84401af546b9ed987b3fc437",
                "sha512": "8e82015a0307e854c18ff6b92f9fdfc17c2339631c9ecc02cdb9882d0826f558e50770022728f7c0c666ef2b5485824dd1abd9afed67024801e88341d40e5547"
            },
            "path": "mods/Xaeros_Minimap_24.7.1_Forge_1.20.jar"
        },
        {
            "downloads": [
                "https://cdn.modrinth.com/data/MVARlG2f/versions/MRyLCiek/Zeta-1.0-24.jar"
            ],
            "fileSize": 991472,
            "hashes": {
                "sha1": "e261d5550bb66cd6802597b1b33462470e3b8dae",
                "sha512": "929032eb6dbef3fea23b47e04495cdfad7a219409bf2adbbde2ac12b8607fd49140f79a6d18c640fd44fb0f4ebf23cc2f00bafe02fc4064555eec9e529d1982f"
            },
            "path": "mods/Zeta-1.0-24.jar"
        },
        {
            "downloads": [
                "https://cdn.modrinth.com/data/v8jzRtAt/versions/ctoXyPnp/%5B1.20.1%5D%20SecurityCraft%20v1.9.12.jar"
            ],
            "fileSize": 4553681,
            "hashes": {
                "sha1": "2c63515a9900fd7b4620c2ad5fdcba1bf4d3e948",
                "sha512": "8681bcf8866240697f042f1df1a8fd44f7bda40fb8fc874afcd0c6e7d95670cab1fbef9720f171b4bd6cc2cfaaf3a527b982054cdd849911ed5ea529f966527d"
            },
            "path": "mods/[1.20.1] SecurityCraft v1.9.12.jar"
        }
    ],
    "formatVersion": 1,
    "game": "minecraft",
    "name": "MoulinetteMC",
    "versionId": "1.0.0"
}
